{"params": {"num_episodes": 100, "memory_size": 2000, "gamma": 0.95, "epsilon": 1.0, "epsilon_min": 0.01, "epsilon_decay": 0.995, "batch_size": 32, "update_interval": 1000, "num_epochs": 5}, "stats": {"num_wins": 73, "num_defeats": 27, "num_draws": 0, "loss": {"steps": [0, 100, 200, 300, 400, 500, 600, 700, 800, 900], "values": [0.013618210330605507, 0.0004507973208092153, 0.0018582642078399658, 0.012052341364324093, 0.011182760819792747, 0.00979209691286087, 0.004433862399309874, 0.0031869723461568356, 0.022643830627202988, 0.010361211374402046]}, "accuracy": {"steps": [0, 100, 200, 300, 400, 500, 600, 700, 800, 900], "values": [0.875, 0.75, 0.78125, 0.65625, 0.71875, 0.875, 0.8125, 0.875, 0.78125, 0.78125]}}}