{"params": {"num_episodes": 100, "memory_size": 2000, "gamma": 0.95, "epsilon": 1.0, "epsilon_min": 0.01, "epsilon_decay": 0.995, "batch_size": 32, "update_interval": 100, "num_epochs": 5}, "stats": {"num_wins": 74, "num_defeats": 26, "num_draws": 0, "loss": {"steps": [0, 100, 200, 300, 400, 500, 600, 700, 800, 900], "values": [0.013618209399282932, 0.0003536174481268972, 0.0035862678196281195, 0.0077646514400839806, 0.010984739288687706, 0.008107529021799564, 0.008784892968833447, 0.0033265370875597, 0.014845803380012512, 0.007335145492106676]}, "accuracy": {"steps": [0, 100, 200, 300, 400, 500, 600, 700, 800, 900], "values": [0.875, 0.78125, 0.84375, 0.65625, 0.75, 0.9375, 0.5625, 0.875, 0.6875, 0.71875]}}}