{"params": {"num_episodes": 1000, "memory_size": 2000, "gamma": 0.95, "epsilon": 1.0, "epsilon_min": 0.01, "epsilon_decay": 0.995, "batch_size": 32, "update_interval": 100, "num_epochs": 5}, "stats": {"num_wins": 691, "num_defeats": 308, "num_draws": 1, "loss": {"steps": [0, 100, 200, 300, 400, 500, 600, 700, 800, 900, 1000, 1100, 1200, 1300, 1400, 1500, 1600, 1700, 1800, 1900, 2000, 2100, 2200, 2300, 2400, 2500, 2600, 2700, 2800, 2900, 3000, 3100, 3200, 3300, 3400, 3500, 3600, 3700, 3800, 3900, 4000, 4100, 4200, 4300, 4400, 4500, 4600, 4700, 4800, 4900, 5000, 5100, 5200, 5300, 5400, 5500, 5600, 5700, 5800, 5900, 6000, 6100, 6200, 6300, 6400, 6500, 6600, 6700, 6800, 6900, 7000, 7100, 7200, 7300, 7400, 7500, 7600, 7700, 7800, 7900, 8000, 8100], "values": [0.013618209399282932, 0.0003727743460331112, 0.002293155062943697, 0.004341271240264177, 0.01139530073851347, 0.006151080131530762, 0.006718500517308712, 0.007491439115256071, 0.010433283634483814, 0.0035454845055937767, 0.01000238861888647, 0.005470417905598879, 0.009907705709338188, 0.010686269029974937, 0.008051549084484577, 0.0084801334887743, 0.010218493640422821, 0.0039196619763970375, 0.004982037469744682, 0.010770540684461594, 0.007738313637673855, 0.0063434140756726265, 0.008729127235710621, 0.020396515727043152, 0.003890123451128602, 0.024614738300442696, 0.018063697963953018, 0.015139772556722164, 0.007359824143350124, 0.019971515983343124, 0.015495995059609413, 0.01564851775765419, 0.014370500110089779, 0.008767866529524326, 0.016128897666931152, 0.012970780953764915, 0.01194109208881855, 0.013840654864907265, 0.019253067672252655, 0.010412726551294327, 0.015333859249949455, 0.02194477804005146, 0.027019985020160675, 0.01617913879454136, 0.009516347199678421, 0.0154088344424963, 0.01678144559264183, 0.02057838998734951, 0.02121235802769661, 0.005048125516623259, 0.013191376812756062, 0.007826974615454674, 0.013948834501206875, 0.010083038359880447, 0.011256434954702854, 0.021448781713843346, 0.01613626256585121, 0.013949441723525524, 0.01888991706073284, 0.008718745782971382, 0.01059688813984394, 0.017658401280641556, 0.010077050887048244, 0.013572106137871742, 0.0032983641140162945, 0.010110404342412949, 0.008490546606481075, 0.010735886171460152, 0.008674024604260921, 0.0047207665629684925, 0.01975569874048233, 0.008059733547270298, 0.014718053862452507, 0.01526661217212677, 0.003885147860273719, 0.004911225289106369, 0.008452733978629112, 0.015227598138153553, 0.014207285828888416, 0.015059120953083038, 0.006337360944598913, 0.0034800590947270393]}, "accuracy": {"steps": [0, 100, 200, 300, 400, 500, 600, 700, 800, 900, 1000, 1100, 1200, 1300, 1400, 1500, 1600, 1700, 1800, 1900, 2000, 2100, 2200, 2300, 2400, 2500, 2600, 2700, 2800, 2900, 3000, 3100, 3200, 3300, 3400, 3500, 3600, 3700, 3800, 3900, 4000, 4100, 4200, 4300, 4400, 4500, 4600, 4700, 4800, 4900, 5000, 5100, 5200, 5300, 5400, 5500, 5600, 5700, 5800, 5900, 6000, 6100, 6200, 6300, 6400, 6500, 6600, 6700, 6800, 6900, 7000, 7100, 7200, 7300, 7400, 7500, 7600, 7700, 7800, 7900, 8000, 8100], "values": [0.875, 0.84375, 0.71875, 0.78125, 0.78125, 0.78125, 0.78125, 0.90625, 0.875, 0.90625, 0.53125, 0.78125, 0.75, 0.8125, 0.75, 0.71875, 0.6875, 0.8125, 0.84375, 0.875, 0.75, 0.78125, 0.625, 0.59375, 0.71875, 0.625, 0.65625, 0.59375, 0.78125, 0.6875, 0.71875, 0.5, 0.71875, 0.46875, 0.6875, 0.71875, 0.59375, 0.65625, 0.6875, 0.6875, 0.53125, 0.65625, 0.59375, 0.65625, 0.625, 0.5625, 0.71875, 0.71875, 0.59375, 0.65625, 0.8125, 0.8125, 0.78125, 0.59375, 0.65625, 0.6875, 0.59375, 0.75, 0.6875, 0.84375, 0.625, 0.59375, 0.6875, 0.71875, 0.65625, 0.6875, 0.78125, 0.8125, 0.8125, 0.84375, 0.6875, 0.625, 0.71875, 0.78125, 0.8125, 0.59375, 0.625, 0.8125, 0.6875, 0.5625, 0.6875, 0.65625]}}}